OrderID,CustomerName,OrderDate,DeliveryDate,Status
1,Ronnie,1/9/2023,5/5/2022,Shipped
2,Lamar,2/8/2023,6/12/2023,Returned
3,Torey,3/24/2023,5/27/2023,Processing
4,Tressa,1/25/2023,6/28/2022,In Progress
5,Adelle,4/18/2023,10/7/2023,Shipped
6,Weidar,3/19/2023,3/24/2023,Delivered
7,Ninnette,1/25/2023,9/17/2022,On Hold
8,Ynez,2/5/2023,5/11/2022,Shipped
9,Tadeo,2/19/2023,8/24/2023,Delivered
10,Coletta,2/2/2023,4/27/2023,Delivered
11,Erik,4/14/2023,9/26/2022,Pending
12,Hamil,3/30/2023,6/15/2022,Cancelled
13,Alix,3/16/2023,12/9/2022,Returned
14,Bev,1/26/2023,4/6/2023,Pending
15,Maury,1/18/2023,2/18/2023,Pending
16,Cherlyn,3/24/2023,5/11/2022,Awaiting Approval
17,Chance,2/16/2023,7/2/2023,Shipped
18,Wash,3/23/2023,10/31/2022,In Progress
19,Feodor,4/3/2023,6/16/2023,Pending
20,Gianna,4/11/2023,6/25/2022,Pending
21,Vaughn,3/13/2023,8/17/2022,Shipped
22,Jeanine,1/6/2023,6/8/2023,In Progress
23,Edgar,2/8/2023,12/8/2022,Delivered
24,Curran,1/22/2023,6/13/2022,Shipped
25,Guinevere,4/7/2023,11/7/2022,Returned
26,Peyton,2/18/2023,9/12/2023,Awaiting Approval
27,Krishnah,4/24/2023,4/25/2023,Pending
28,Burl,4/4/2023,2/5/2023,Delivered
29,Tiphany,1/7/2023,5/31/2022,On Hold
30,Arlen,3/23/2023,5/25/2022,Awaiting Approval
31,Dore,4/27/2023,7/2/2022,Complete
32,Anastasie,1/6/2023,4/1/2023,Awaiting Approval
33,Jessee,3/28/2023,8/26/2022,On Hold
34,Kathi,2/2/2023,7/28/2022,Shipped
35,Ellwood,2/11/2023,9/24/2023,Complete
36,Basia,2/27/2023,6/27/2023,Complete
37,Bogart,1/18/2023,3/3/2023,Awaiting Approval
38,Gram,2/12/2023,1/12/2023,On Hold
39,Ab,4/25/2023,3/27/2023,Pending
40,Jobey,2/19/2023,3/27/2023,Awaiting Approval
41,Audrey,1/14/2023,11/18/2023,On Hold
42,Frieda,4/12/2023,11/13/2022,In Progress
43,Ian,2/5/2023,5/10/2022,Delivered
44,Adele,1/4/2023,4/21/2023,Awaiting Approval
45,Bethina,2/24/2023,8/22/2023,Processing
46,Arman,3/2/2023,3/7/2023,Pending
47,Rosco,2/6/2023,9/9/2023,On Hold
48,Dahlia,2/4/2023,2/3/2023,On Hold
49,Sebastiano,4/23/2023,7/28/2023,Pending
50,Derry,2/20/2023,10/31/2023,Delivered
51,Erina,3/4/2023,1/5/2023,On Hold
52,Laryssa,4/15/2023,10/14/2023,Cancelled
53,Rae,1/8/2023,11/11/2023,Awaiting Approval
54,Kerstin,1/19/2023,5/8/2022,Delivered
55,Lawry,3/27/2023,6/20/2022,Delivered
56,Michell,3/1/2023,10/31/2022,Delivered
57,Ardelle,2/8/2023,1/7/2023,Delivered
58,Glenn,1/20/2023,10/20/2023,In Progress
59,Cloris,2/25/2023,10/17/2023,Shipped
60,Netti,3/12/2023,11/1/2022,Delivered
61,Tildie,3/2/2023,5/11/2022,Cancelled
62,Fenelia,2/21/2023,4/30/2023,Returned
63,Falkner,3/3/2023,8/29/2022,On Hold
64,Vonni,2/6/2023,12/2/2022,Processing
65,Justino,4/12/2023,5/31/2022,Shipped
66,Nicky,2/19/2023,8/12/2023,Awaiting Approval
67,Patience,1/13/2023,6/30/2023,Complete
68,Carlene,3/28/2023,7/12/2023,On Hold
69,Millisent,3/23/2023,10/3/2023,On Hold
70,Barthel,3/21/2023,9/26/2023,Processing
71,Bernhard,2/24/2023,9/14/2022,Returned
72,Rennie,1/14/2023,3/19/2023,Returned
73,Mateo,1/8/2023,5/6/2023,Cancelled
74,Reggie,4/14/2023,7/23/2022,In Progress
75,Kelcie,3/9/2023,6/22/2023,Processing
76,Durward,1/11/2023,3/5/2023,In Progress
77,Port,3/25/2023,3/27/2023,Returned
78,Laurie,4/8/2023,5/10/2023,Cancelled
79,Carissa,1/23/2023,12/26/2022,On Hold
80,Erminie,1/29/2023,8/28/2022,Delivered
81,Gabe,3/18/2023,2/2/2023,In Progress
82,Eliza,3/24/2023,2/21/2023,Cancelled
83,Reyna,4/30/2023,7/30/2023,Cancelled
84,Giulia,3/1/2023,4/8/2023,Awaiting Approval
85,Gualterio,2/18/2023,8/9/2023,Awaiting Approval
86,Donielle,3/12/2023,6/30/2023,On Hold
87,Rowe,1/10/2023,9/6/2023,Complete
88,Karin,3/12/2023,5/12/2023,Pending
89,Dorie,3/2/2023,9/24/2023,Awaiting Approval
90,Ally,1/5/2023,3/16/2023,Shipped
91,Aleta,2/14/2023,11/7/2023,On Hold
92,Ailsun,2/26/2023,5/7/2023,On Hold
93,Pollyanna,1/21/2023,8/11/2022,Shipped
94,Bonny,4/17/2023,4/2/2023,Awaiting Approval
95,Athena,1/24/2023,2/1/2023,Returned
96,Lezlie,1/13/2023,9/10/2022,Pending
97,Hewett,3/17/2023,10/8/2023,Shipped
98,Frederique,3/3/2023,9/15/2022,Returned
99,Edeline,1/2/2023,6/29/2023,On Hold
100,Adolphe,1/25/2023,8/31/2022,Returned
101,Abel,3/15/2023,5/20/2022,Shipped
102,Alfreda,3/20/2023,10/4/2022,Shipped
103,Aldrich,2/10/2023,9/4/2022,Returned
104,Janeva,1/15/2023,10/6/2023,Pending
105,Phillie,1/24/2023,7/12/2023,Cancelled
106,Harriett,3/12/2023,11/15/2022,On Hold
107,Idalia,1/11/2023,9/8/2022,Pending
108,Zilvia,1/11/2023,8/6/2022,Complete
109,Zacherie,4/25/2023,7/22/2023,Delivered
110,Alphard,1/15/2023,6/8/2023,On Hold
111,Warden,2/10/2023,1/8/2023,Shipped
112,Malorie,4/27/2023,11/21/2022,On Hold
113,Valeda,4/21/2023,5/27/2023,In Progress
114,Noelle,4/19/2023,10/22/2023,Processing
115,Horatio,1/16/2023,8/28/2023,Delivered
116,Edee,1/2/2023,6/6/2022,Awaiting Approval
117,Grier,1/30/2023,9/4/2022,Complete
118,Clementina,2/15/2023,1/24/2023,On Hold
119,Ajay,2/1/2023,5/29/2023,Awaiting Approval
120,Gene,2/9/2023,7/16/2023,Complete
121,Russ,4/12/2023,5/3/2022,On Hold
122,Bernita,1/15/2023,8/18/2023,Pending
123,Davida,3/5/2023,8/12/2022,On Hold
124,Kimmi,3/17/2023,9/14/2022,Cancelled
125,Humbert,1/27/2023,8/12/2023,Shipped
126,Erin,2/16/2023,7/7/2023,Pending
127,Lamont,3/9/2023,6/8/2022,Complete
128,Creighton,1/3/2023,4/12/2023,Cancelled
129,Suellen,1/29/2023,7/22/2022,Delivered
130,Deidre,4/20/2023,9/2/2022,Delivered
131,Phedra,4/10/2023,2/27/2023,In Progress
132,Torie,3/2/2023,11/14/2023,Returned
133,Jennine,1/26/2023,2/3/2023,On Hold
134,Carolus,4/27/2023,2/3/2023,Shipped
135,Ase,1/20/2023,6/13/2023,Delivered
136,Audi,2/26/2023,6/18/2023,Cancelled
137,Franny,2/13/2023,1/9/2023,On Hold
138,Jourdan,3/10/2023,5/31/2023,Awaiting Approval
139,Phyllys,4/18/2023,11/5/2022,Shipped
140,Vin,1/4/2023,7/1/2023,Returned
141,Carroll,1/29/2023,8/29/2023,Processing
142,Leopold,3/26/2023,8/6/2022,Delivered
143,Auberon,1/31/2023,7/22/2022,Awaiting Approval
144,Ag,1/11/2023,4/13/2023,Delivered
145,Zonnya,4/19/2023,7/24/2023,On Hold
146,Gothart,4/18/2023,9/15/2022,Processing
147,Eugenius,2/11/2023,7/21/2023,Returned
148,Trista,2/20/2023,8/11/2022,Shipped
149,Bryn,2/25/2023,5/11/2022,In Progress
150,Shadow,4/3/2023,1/20/2023,Pending
151,Evan,4/29/2023,6/28/2023,In Progress
152,Gavan,3/25/2023,9/5/2022,Awaiting Approval
153,Hermine,2/25/2023,11/10/2023,In Progress
154,Babb,4/16/2023,8/3/2023,Complete
155,Fidelity,1/26/2023,10/21/2022,In Progress
156,Orran,3/2/2023,9/16/2023,Delivered
157,Liv,4/24/2023,9/8/2022,Shipped
158,Quintin,4/4/2023,10/18/2022,In Progress
159,Alexina,3/31/2023,10/17/2023,Pending
160,Ollie,3/9/2023,6/28/2022,Delivered
161,Ingunna,2/26/2023,6/1/2023,Pending
162,Yehudit,2/24/2023,8/14/2022,In Progress
163,Morrie,3/15/2023,1/4/2023,Cancelled
164,Hilton,1/19/2023,6/19/2022,Cancelled
165,Randi,3/31/2023,8/26/2023,Shipped
166,Carrissa,3/22/2023,12/25/2022,Cancelled
167,Rickie,4/2/2023,10/4/2022,Returned
168,Roxine,3/26/2023,5/10/2022,Cancelled
169,Micky,2/8/2023,4/29/2023,In Progress
170,Janifer,2/24/2023,9/18/2022,Processing
171,Brittne,2/7/2023,7/5/2022,Awaiting Approval
172,Gradeigh,1/8/2023,9/16/2023,Cancelled
173,Elfreda,3/3/2023,8/21/2022,Delivered
174,Colas,4/20/2023,7/30/2022,Shipped
175,Roosevelt,4/10/2023,6/23/2022,Shipped
176,Drud,1/24/2023,1/21/2023,Delivered
177,Greta,4/5/2023,2/23/2023,Shipped
178,Shane,3/10/2023,6/26/2023,Delivered
179,Freddie,2/1/2023,1/15/2023,Pending
180,Dud,3/8/2023,8/26/2022,In Progress
181,Ethelbert,1/9/2023,8/24/2022,In Progress
182,Philbert,1/24/2023,8/20/2023,Returned
183,Garland,2/24/2023,11/7/2023,Complete
184,Gisela,3/1/2023,10/18/2022,Delivered
185,Meggi,3/19/2023,12/28/2022,Pending
186,Rose,4/4/2023,11/8/2022,In Progress
187,Paige,1/25/2023,5/29/2023,Pending
188,Candice,4/14/2023,3/5/2023,In Progress
189,Johna,2/2/2023,11/5/2022,On Hold
190,Estrella,4/13/2023,11/21/2023,Pending
191,Pen,1/4/2023,4/1/2023,Cancelled
192,Manolo,2/21/2023,11/11/2022,On Hold
193,Carlo,3/6/2023,8/21/2023,Delivered
194,Benedict,2/27/2023,7/28/2023,Shipped
195,Haleigh,1/19/2023,5/27/2022,On Hold
196,Kari,4/27/2023,11/1/2022,In Progress
197,Erek,2/23/2023,7/25/2023,Processing
198,Amalita,2/11/2023,12/31/2022,Shipped
199,Egor,1/22/2023,5/8/2023,On Hold
200,Willabella,2/13/2023,8/30/2022,Returned
201,Gillian,4/27/2023,8/30/2022,Shipped
202,Hali,1/30/2023,9/27/2023,Processing
203,Alicia,1/1/2023,12/24/2022,On Hold
204,Clio,3/21/2023,4/10/2023,Cancelled
205,Sansone,4/24/2023,6/21/2023,Processing
206,Bryna,1/25/2023,8/6/2023,In Progress
207,Rochester,2/21/2023,5/5/2023,In Progress
208,Lizzy,1/9/2023,8/3/2022,On Hold
209,Odelia,4/2/2023,9/17/2022,In Progress
210,Frasco,4/21/2023,8/19/2022,Returned
211,Shea,4/10/2023,11/13/2022,Returned
212,Carmel,2/7/2023,11/20/2022,On Hold
213,Franky,1/26/2023,10/10/2022,Complete
214,Siward,2/4/2023,11/11/2022,Returned
215,Josefa,1/3/2023,4/16/2023,Awaiting Approval
216,Foster,2/1/2023,1/27/2023,Delivered
217,Carolus,4/6/2023,2/26/2023,Pending
218,Leontine,1/21/2023,1/3/2023,Returned
219,Vern,3/2/2023,10/17/2023,On Hold
220,Erskine,2/20/2023,5/25/2022,Complete
221,Cathlene,1/28/2023,7/16/2023,Complete
222,Christos,2/16/2023,3/13/2023,Processing
223,Donetta,3/8/2023,6/9/2023,Delivered
224,Marion,1/30/2023,8/5/2023,On Hold
225,Adrea,4/19/2023,9/6/2022,On Hold
226,Lise,3/14/2023,3/22/2023,On Hold
227,Solly,2/1/2023,5/17/2022,Awaiting Approval
228,Aura,4/10/2023,1/13/2023,Shipped
229,Hughie,4/26/2023,8/8/2022,Awaiting Approval
230,Gilberte,1/3/2023,5/18/2022,Complete
231,Monique,4/13/2023,5/20/2022,Returned
232,Norbert,1/9/2023,11/3/2023,On Hold
233,Brina,4/27/2023,11/17/2023,Delivered
234,Ninon,3/12/2023,6/7/2022,In Progress
235,Gisele,3/17/2023,10/11/2022,Cancelled
236,Kiley,2/7/2023,10/3/2022,Processing
237,Nicolea,2/12/2023,5/8/2023,Returned
238,Tracee,2/26/2023,11/14/2022,Processing
239,Gottfried,2/17/2023,8/18/2022,Shipped
240,Lisbeth,3/29/2023,7/27/2022,Delivered
241,Tadeas,1/12/2023,8/31/2023,Returned
242,Yolanthe,3/25/2023,10/3/2023,In Progress
243,Linnea,3/24/2023,7/27/2022,In Progress
244,Cullie,3/17/2023,8/31/2023,Returned
245,Randolph,4/16/2023,7/10/2023,Returned
246,Annora,3/23/2023,5/22/2022,Awaiting Approval
247,Hadria,1/8/2023,12/6/2022,Returned
248,Lilah,1/7/2023,11/1/2022,Pending
249,Nikita,1/30/2023,7/21/2022,Returned
250,Raychel,2/8/2023,5/20/2023,Delivered
251,Fran,2/22/2023,6/19/2023,Shipped
252,Dolores,3/12/2023,5/23/2022,Cancelled
253,Fowler,4/9/2023,6/9/2023,Returned
254,Jimmie,3/18/2023,5/7/2023,In Progress
255,Zachery,1/19/2023,6/7/2023,Pending
256,Britt,4/19/2023,6/14/2022,Returned
257,Wendall,3/18/2023,12/28/2022,In Progress
258,Cyrillus,1/28/2023,2/16/2023,Cancelled
259,Ado,2/2/2023,6/25/2022,Cancelled
260,Cody,1/18/2023,4/11/2023,Shipped
261,Barnaby,3/23/2023,9/28/2023,On Hold
262,Farlay,1/11/2023,5/6/2023,Returned
263,Beverie,1/13/2023,4/17/2023,In Progress
264,Bonita,4/5/2023,7/7/2022,Delivered
265,Bron,3/7/2023,12/7/2022,On Hold
266,Jolyn,2/21/2023,12/26/2022,Cancelled
267,Marianna,2/26/2023,2/2/2023,Returned
268,Leesa,1/15/2023,9/18/2023,On Hold
269,Oren,2/11/2023,3/1/2023,Pending
270,Heall,2/16/2023,2/14/2023,Processing
271,Shannon,1/4/2023,8/18/2023,Processing
272,Anna-maria,3/10/2023,8/17/2022,Processing
273,Dionisio,2/1/2023,6/6/2022,Complete
274,Henri,2/20/2023,8/30/2022,Pending
275,Stephanus,1/11/2023,6/15/2022,Awaiting Approval
276,Shaw,2/20/2023,5/1/2023,Shipped
277,Kristina,4/20/2023,10/1/2023,Awaiting Approval
278,Christy,2/6/2023,8/4/2023,Returned
279,Helaina,2/26/2023,9/8/2022,On Hold
280,Cob,3/16/2023,1/16/2023,On Hold
281,Addison,2/9/2023,10/4/2022,Delivered
282,Shay,3/13/2023,5/17/2023,On Hold
283,Hillery,3/10/2023,10/4/2022,Pending
284,Shanda,2/28/2023,4/1/2023,On Hold
285,Geoffry,2/17/2023,10/7/2022,Cancelled
286,Dorisa,4/5/2023,5/11/2023,Returned
287,Antone,1/19/2023,9/3/2022,Complete
288,Malvin,1/23/2023,3/10/2023,Pending
289,Cyrus,1/15/2023,1/23/2023,Cancelled
290,Silas,1/14/2023,8/23/2022,On Hold
291,Brit,1/18/2023,8/24/2023,Pending
292,Annabela,2/10/2023,2/28/2023,Returned
293,Ellary,4/1/2023,5/5/2023,On Hold
294,Elmo,3/10/2023,6/26/2022,In Progress
295,Marilyn,4/2/2023,9/30/2022,On Hold
296,Karoly,4/22/2023,11/12/2023,Cancelled
297,Corrie,3/17/2023,8/2/2022,Returned
298,Katey,4/10/2023,11/23/2022,Delivered
299,Torrin,3/15/2023,5/27/2022,In Progress
300,Adel,2/9/2023,8/1/2022,Shipped
301,Eran,4/22/2023,5/18/2023,Shipped
302,Christabel,2/20/2023,3/21/2023,Pending
303,Elisha,1/29/2023,10/6/2022,Pending
304,Miran,2/12/2023,2/16/2023,Complete
305,Adele,3/29/2023,7/9/2023,Processing
306,Homere,4/25/2023,6/13/2022,Shipped
307,Vera,1/18/2023,2/6/2023,Returned
308,Suzy,2/19/2023,7/16/2023,Pending
309,Oran,3/19/2023,4/29/2023,Returned
310,Raimundo,1/22/2023,2/12/2023,Delivered
311,Dawna,3/19/2023,10/5/2023,Returned
312,Galven,1/18/2023,12/4/2022,In Progress
313,Gannon,3/12/2023,6/8/2022,Delivered
314,Hedda,3/4/2023,9/5/2022,Awaiting Approval
315,Stella,3/29/2023,5/23/2022,On Hold
316,Huntlee,4/15/2023,11/5/2023,On Hold
317,Steffi,2/10/2023,8/24/2022,Processing
318,Dag,1/14/2023,3/15/2023,Complete
319,Essie,2/13/2023,5/13/2022,Complete
320,Willamina,4/29/2023,6/29/2023,Awaiting Approval
321,Deirdre,3/25/2023,6/14/2023,On Hold
322,Eduardo,2/28/2023,3/17/2023,Processing
323,Allis,3/21/2023,11/25/2022,On Hold
324,Anetta,4/29/2023,5/12/2022,In Progress
325,Erskine,4/11/2023,10/23/2022,Delivered
326,Imelda,2/23/2023,10/27/2023,Complete
327,Marsha,3/19/2023,12/27/2022,Shipped
328,Gusella,4/14/2023,10/28/2023,Cancelled
329,Montague,4/30/2023,2/6/2023,Awaiting Approval
330,John,2/26/2023,2/2/2023,Complete
331,Merrile,1/29/2023,9/14/2022,Awaiting Approval
332,Jeffie,1/9/2023,8/12/2022,Pending
333,Cornelius,2/26/2023,10/9/2022,On Hold
334,Maryrose,3/23/2023,2/22/2023,Complete
335,Brit,4/6/2023,7/13/2023,Shipped
336,Austina,1/21/2023,6/21/2023,Shipped
337,Peyton,2/19/2023,8/17/2022,Cancelled
338,Bernadene,3/21/2023,5/3/2023,Awaiting Approval
339,Miguela,3/23/2023,10/1/2023,Delivered
340,Carry,2/18/2023,5/4/2022,Shipped
341,Kaylyn,1/31/2023,9/12/2023,On Hold
342,Francyne,2/13/2023,7/13/2022,Cancelled
343,Silvester,2/11/2023,5/17/2022,Returned
344,Holli,1/2/2023,12/13/2022,Returned
345,Weston,2/8/2023,8/13/2022,Pending
346,Peterus,1/1/2023,6/2/2023,Complete
347,Tamar,1/10/2023,9/26/2022,On Hold
348,Emilie,2/8/2023,1/10/2023,Awaiting Approval
349,Enrica,3/9/2023,6/8/2023,Complete
350,Arny,2/28/2023,5/21/2023,Delivered
351,Alexis,4/27/2023,9/18/2022,Shipped
352,Hali,4/16/2023,8/1/2022,Returned
353,Aubrey,4/3/2023,9/16/2023,Awaiting Approval
354,Lenci,2/15/2023,1/24/2023,Pending
355,Daryn,4/2/2023,7/12/2023,Cancelled
356,Aurlie,3/21/2023,10/21/2022,Pending
357,Pierette,3/22/2023,5/6/2023,Delivered
358,Rosemaria,3/26/2023,11/22/2022,Shipped
359,Meredithe,2/1/2023,4/4/2023,Awaiting Approval
360,Lauralee,4/19/2023,8/20/2022,Awaiting Approval
361,Hermia,1/9/2023,7/5/2022,Complete
362,Stearn,1/28/2023,5/6/2022,Cancelled
363,Paulette,1/23/2023,8/15/2022,Delivered
364,Dinnie,2/14/2023,4/17/2023,Returned
365,Bradley,3/22/2023,6/25/2022,Pending
366,Sylvan,1/6/2023,1/16/2023,Shipped
367,Saunder,2/15/2023,1/24/2023,In Progress
368,Agnola,1/11/2023,11/3/2022,Processing
369,Vinnie,3/28/2023,8/2/2023,Cancelled
370,Alvan,4/28/2023,7/16/2022,Processing
371,Cobby,1/17/2023,7/28/2022,Delivered
372,Rhea,2/14/2023,6/18/2022,Processing
373,Rafi,4/25/2023,4/18/2023,Shipped
374,Genovera,2/14/2023,11/5/2022,On Hold
375,Marshal,1/25/2023,5/16/2022,Processing
376,Lanny,3/18/2023,7/14/2023,In Progress
377,Griffith,2/8/2023,12/4/2022,Delivered
378,Sabina,4/10/2023,5/9/2023,Cancelled
379,Farra,3/25/2023,6/13/2023,In Progress
380,Joyan,4/30/2023,7/26/2022,In Progress
381,Wit,2/13/2023,10/1/2022,Cancelled
382,Yurik,1/28/2023,4/14/2023,Delivered
383,Fernanda,1/26/2023,7/26/2022,Pending
384,Chiquita,1/4/2023,9/7/2022,Cancelled
385,Ardys,3/22/2023,1/16/2023,Awaiting Approval
386,Stephani,1/4/2023,8/24/2022,Complete
387,Amby,3/16/2023,10/30/2022,Complete
388,Maurine,3/15/2023,7/5/2023,Processing
389,Filmore,2/5/2023,3/31/2023,On Hold
390,Alaster,4/23/2023,7/30/2023,Awaiting Approval
391,Bone,4/20/2023,6/17/2022,In Progress
392,Allis,2/24/2023,11/3/2022,Processing
393,Nicole,4/14/2023,5/16/2023,Awaiting Approval
394,Alain,4/8/2023,9/23/2022,Cancelled
395,Beilul,1/12/2023,1/6/2023,Awaiting Approval
396,Ciro,3/18/2023,10/7/2022,Returned
397,Kathleen,4/22/2023,9/9/2022,Cancelled
398,Burg,2/5/2023,8/9/2023,Pending
399,Massimiliano,3/3/2023,10/24/2022,In Progress
400,Glen,1/2/2023,6/18/2022,Pending
401,Paul,4/23/2023,5/3/2023,Cancelled
402,Kristi,3/3/2023,5/17/2023,Cancelled
403,Carin,3/8/2023,5/28/2022,Shipped
404,Palm,2/24/2023,9/19/2023,Shipped
405,Genny,4/24/2023,1/24/2023,Returned
406,Parke,2/16/2023,5/10/2022,Pending
407,Florida,4/9/2023,8/3/2022,In Progress
408,Aluin,3/5/2023,8/3/2023,Returned
409,Ilysa,3/24/2023,10/19/2023,In Progress
410,Sansone,3/7/2023,4/21/2023,In Progress
411,Ellary,3/28/2023,7/7/2023,Shipped
412,Trenton,1/28/2023,3/19/2023,In Progress
413,Sherwin,3/24/2023,5/26/2022,Processing
414,Kristian,2/24/2023,5/26/2022,Shipped
415,April,4/14/2023,10/10/2023,Processing
416,Blinny,4/11/2023,1/29/2023,Cancelled
417,Mitchael,3/20/2023,1/26/2023,Shipped
418,Waneta,1/9/2023,5/15/2022,Cancelled
419,Daren,3/24/2023,9/2/2023,Pending
420,Cassandre,4/22/2023,7/18/2022,Shipped
421,Jeremiah,1/17/2023,4/28/2023,Awaiting Approval
422,Lucias,2/10/2023,3/24/2023,Awaiting Approval
423,Janey,2/24/2023,8/22/2022,Delivered
424,Nani,2/7/2023,9/14/2022,Pending
425,Devlen,2/22/2023,2/26/2023,Processing
426,Gottfried,4/21/2023,9/22/2022,Complete
427,Corty,1/28/2023,12/11/2022,On Hold
428,Ashley,3/29/2023,9/21/2022,On Hold
429,Dael,4/21/2023,5/13/2022,Shipped
430,Barbette,4/10/2023,10/6/2023,Processing
431,Westleigh,1/21/2023,4/2/2023,Processing
432,Clevie,3/3/2023,5/22/2023,In Progress
433,Wilburt,3/30/2023,9/1/2022,Returned
434,Estevan,3/29/2023,1/20/2023,Cancelled
435,Margette,3/19/2023,10/12/2023,Awaiting Approval
436,Kennett,4/7/2023,7/2/2022,Shipped
437,Ronica,3/16/2023,6/27/2023,Shipped
438,Denice,3/22/2023,9/30/2023,Returned
439,Ardelis,1/31/2023,7/10/2022,Processing
440,Lars,3/9/2023,12/16/2022,Cancelled
441,Ford,1/13/2023,10/8/2023,Delivered
442,Cammie,3/8/2023,7/19/2022,Complete
443,Melisandra,3/1/2023,4/22/2023,Returned
444,Tabbie,4/29/2023,5/18/2022,Processing
445,Alexine,4/27/2023,10/12/2023,Returned
446,Jule,2/19/2023,8/25/2023,Cancelled
447,Goldie,1/8/2023,8/18/2022,On Hold
448,Kitti,1/20/2023,5/17/2023,Awaiting Approval
449,Thain,4/14/2023,11/15/2023,Pending
450,Iver,2/9/2023,9/14/2023,Awaiting Approval
451,Moshe,1/15/2023,3/20/2023,Awaiting Approval
452,Glyn,4/7/2023,11/9/2022,In Progress
453,Annamarie,3/16/2023,9/7/2023,Cancelled
454,Gar,4/13/2023,5/28/2023,Complete
455,Glyn,1/15/2023,5/1/2023,Delivered
456,Milzie,3/8/2023,10/7/2022,On Hold
457,Jodee,2/7/2023,6/9/2023,Awaiting Approval
458,Tomas,3/10/2023,10/3/2023,Shipped
459,Jefferson,3/6/2023,2/23/2023,Cancelled
460,Issy,3/29/2023,9/8/2022,Pending
461,Lacee,1/30/2023,7/8/2023,Complete
462,Owen,4/4/2023,8/7/2023,Delivered
463,Bartlett,4/15/2023,7/25/2023,Delivered
464,Moises,1/5/2023,7/19/2023,Pending
465,Francoise,2/21/2023,9/30/2023,On Hold
466,Annemarie,4/9/2023,8/29/2023,On Hold
467,Tomas,4/9/2023,5/5/2023,Complete
468,Minda,4/14/2023,5/16/2023,Shipped
469,Teriann,1/31/2023,4/5/2023,Cancelled
470,Saunder,2/12/2023,1/23/2023,Pending
471,Kitty,1/11/2023,12/19/2022,Awaiting Approval
472,Rosella,2/20/2023,3/14/2023,Processing
473,Korney,1/20/2023,5/24/2023,Cancelled
474,Elie,3/9/2023,4/28/2023,Cancelled
475,Joby,3/20/2023,3/25/2023,Returned
476,Basil,1/22/2023,3/5/2023,Shipped
477,Hurlee,4/5/2023,11/18/2023,Returned
478,Ardelle,3/24/2023,2/28/2023,Processing
479,Conney,2/14/2023,8/18/2023,On Hold
480,Mary,2/3/2023,2/8/2023,Complete
481,Shandra,4/9/2023,10/25/2023,Delivered
482,Dasha,3/21/2023,12/18/2022,Cancelled
483,Shannon,4/15/2023,7/10/2022,Pending
484,Auberon,3/17/2023,7/7/2023,Awaiting Approval
485,Anton,1/12/2023,11/23/2022,Returned
486,Alexandre,1/3/2023,6/30/2022,Shipped
487,Dionis,4/27/2023,6/30/2022,Returned
488,Muffin,3/29/2023,8/28/2023,Awaiting Approval
489,Jelene,3/3/2023,6/23/2022,Shipped
490,Sher,3/1/2023,7/19/2023,In Progress
491,Jacinta,3/18/2023,9/12/2023,On Hold
492,Trip,2/25/2023,5/18/2023,Processing
493,Tanya,2/9/2023,1/30/2023,Awaiting Approval
494,Davita,3/26/2023,10/5/2022,Cancelled
495,Melly,4/18/2023,2/14/2023,In Progress
496,Wilfrid,2/12/2023,3/18/2023,Cancelled
497,Jacinthe,3/31/2023,11/29/2022,Awaiting Approval
498,Abbott,4/25/2023,8/2/2022,On Hold
499,Ellie,3/27/2023,8/20/2022,On Hold
500,Domini,3/17/2023,5/27/2022,Pending
501,Chico,1/26/2023,1/21/2023,Cancelled
502,Netty,3/16/2023,5/7/2023,Returned
503,Alika,2/3/2023,3/3/2023,Returned
504,Fidel,1/17/2023,5/17/2023,Delivered
505,Wilfrid,4/8/2023,6/23/2023,In Progress
506,Correy,3/4/2023,2/7/2023,Pending
507,Emera,4/4/2023,6/10/2023,Returned
508,Daryn,4/28/2023,2/16/2023,In Progress
509,Fayre,2/8/2023,1/1/2023,Returned
510,Prentiss,1/31/2023,1/15/2023,Shipped
511,Jamison,3/30/2023,1/10/2023,Shipped
512,Sonny,2/26/2023,6/18/2023,Shipped
513,Rudolph,3/15/2023,11/19/2023,Cancelled
514,Giacopo,3/2/2023,8/27/2022,Cancelled
515,Melvin,1/17/2023,5/4/2023,Complete
516,Florinda,1/13/2023,9/3/2022,Complete
517,Lyn,1/21/2023,10/27/2022,Delivered
518,Bert,3/27/2023,5/25/2022,Shipped
519,Melva,1/18/2023,10/31/2023,In Progress
520,Maegan,3/14/2023,10/19/2023,Returned
521,Sheppard,1/4/2023,10/10/2022,Returned
522,Panchito,2/15/2023,8/22/2022,Delivered
523,Blondie,1/4/2023,1/31/2023,Awaiting Approval
524,Roddy,3/13/2023,7/14/2023,In Progress
525,Giralda,3/25/2023,4/10/2023,Processing
526,Maddie,3/27/2023,2/8/2023,Complete
527,Monroe,3/18/2023,8/18/2023,Cancelled
528,Natasha,2/4/2023,2/10/2023,Returned
529,Giovanni,3/1/2023,1/23/2023,Complete
530,Arney,1/16/2023,6/17/2022,Delivered
531,Read,3/17/2023,11/17/2023,On Hold
532,Jase,1/27/2023,8/12/2023,Complete
533,Carole,4/13/2023,6/27/2023,Cancelled
534,Nanci,1/3/2023,12/18/2022,Cancelled
535,Beckie,2/5/2023,2/27/2023,Awaiting Approval
536,Stanislas,4/30/2023,8/3/2022,Pending
537,Dody,4/11/2023,7/23/2022,Processing
538,Cheryl,4/26/2023,9/24/2023,Pending
539,Ansel,4/21/2023,9/24/2022,In Progress
540,Meghann,2/25/2023,10/30/2022,In Progress
541,Rollin,1/15/2023,10/9/2023,Pending
542,Alexa,1/17/2023,8/14/2022,Complete
543,Claudelle,2/25/2023,5/27/2023,On Hold
544,Ravi,1/30/2023,8/27/2022,Processing
545,Keefer,3/15/2023,2/9/2023,In Progress
546,Sarina,1/19/2023,9/16/2022,On Hold
547,Elliot,4/29/2023,5/16/2022,Pending
548,Flss,2/27/2023,6/20/2022,Processing
549,Sawyer,2/8/2023,5/9/2022,Shipped
550,Reynold,3/9/2023,7/19/2022,Shipped
551,Conrad,4/19/2023,4/3/2023,On Hold
552,Randy,2/12/2023,5/9/2022,Complete
553,Shandy,1/1/2023,11/12/2023,Processing
554,Liesa,2/19/2023,6/27/2023,Awaiting Approval
555,Rossy,3/27/2023,6/30/2022,On Hold
556,Duncan,1/29/2023,2/1/2023,Complete
557,Randell,1/21/2023,2/1/2023,Awaiting Approval
558,Livvy,4/27/2023,9/20/2023,Cancelled
559,Jessalin,4/8/2023,1/3/2023,On Hold
560,Leland,2/6/2023,7/29/2022,Awaiting Approval
561,Cathlene,4/18/2023,8/27/2023,Awaiting Approval
562,Fowler,4/10/2023,6/10/2022,Awaiting Approval
563,Fanchette,3/19/2023,7/24/2022,Shipped
564,Gaby,1/2/2023,10/13/2023,Shipped
565,Lita,3/23/2023,5/18/2022,On Hold
566,Clare,2/28/2023,2/25/2023,Awaiting Approval
567,Raquela,3/27/2023,6/11/2022,In Progress
568,Daphne,3/24/2023,11/17/2022,Delivered
569,Rolando,3/19/2023,12/27/2022,Cancelled
570,Otis,1/27/2023,3/5/2023,In Progress
571,Justinn,1/31/2023,9/9/2022,Processing
572,Buiron,1/20/2023,6/11/2023,Cancelled
573,Honoria,2/11/2023,12/9/2022,On Hold
574,Wren,2/7/2023,11/8/2023,On Hold
575,Tobye,3/5/2023,2/12/2023,Delivered
576,Craggy,3/10/2023,2/17/2023,Cancelled
577,Chrysa,3/9/2023,5/3/2023,Cancelled
578,Katya,3/25/2023,10/5/2023,Returned
579,Marijn,4/30/2023,2/16/2023,Processing
580,Toby,1/18/2023,2/6/2023,Shipped
581,Trip,2/4/2023,9/12/2022,In Progress
582,Maximo,3/15/2023,10/13/2023,Returned
583,Rodolphe,2/16/2023,6/22/2022,Complete
584,Vicky,2/10/2023,2/28/2023,Pending
585,Henrieta,3/23/2023,10/14/2023,Complete
586,Dianemarie,1/16/2023,2/6/2023,Cancelled
587,Fleurette,2/26/2023,12/23/2022,Complete
588,Benito,3/9/2023,5/4/2023,Cancelled
589,Terrell,1/27/2023,6/30/2023,On Hold
590,Adel,1/23/2023,8/7/2023,Complete
591,Colver,4/29/2023,1/5/2023,Returned
592,Benyamin,1/14/2023,9/8/2023,In Progress
593,Jacquenette,4/20/2023,4/10/2023,Cancelled
594,Sherie,2/7/2023,1/28/2023,Complete
595,Clareta,3/25/2023,8/1/2022,Returned
596,Gavan,2/13/2023,5/24/2023,Delivered
597,Franzen,3/9/2023,3/16/2023,On Hold
598,Hillary,4/29/2023,9/13/2022,Shipped
599,Goldie,1/13/2023,7/4/2022,Shipped
600,Eduino,3/16/2023,5/30/2022,Complete
601,Jasmin,3/19/2023,5/22/2022,Awaiting Approval
602,Lanni,3/30/2023,7/26/2022,Cancelled
603,Lynea,4/6/2023,6/29/2022,In Progress
604,Gabriello,1/1/2023,3/31/2023,Delivered
605,Alf,1/21/2023,11/18/2023,On Hold
606,Antone,2/28/2023,11/11/2023,Processing
607,Gus,3/12/2023,10/4/2022,Pending
608,Christiane,1/12/2023,3/17/2023,On Hold
609,Scotty,2/7/2023,10/14/2022,Returned
610,Hildagard,2/5/2023,5/27/2022,On Hold
611,Adora,2/28/2023,9/16/2023,Awaiting Approval
612,Addy,1/30/2023,12/17/2022,On Hold
613,Salomi,1/9/2023,1/30/2023,Complete
614,Dalt,3/30/2023,3/30/2023,On Hold
615,Gaylord,4/5/2023,11/13/2023,Cancelled
616,Lorrie,3/28/2023,10/27/2023,Complete
617,Caprice,1/12/2023,4/4/2023,Shipped
618,Diana,1/23/2023,6/24/2023,Complete
619,Barbara-anne,1/12/2023,5/31/2022,Pending
620,Sherman,3/18/2023,10/25/2022,Pending
621,Alford,1/31/2023,8/14/2023,Complete
622,Jodie,2/7/2023,2/10/2023,Cancelled
623,Ephraim,1/31/2023,10/7/2022,Awaiting Approval
624,Orelia,3/6/2023,7/19/2023,Cancelled
625,Karole,4/1/2023,11/26/2022,In Progress
626,Fonsie,3/2/2023,12/13/2022,Cancelled
627,Aridatha,4/2/2023,10/19/2022,Processing
628,Corbie,4/7/2023,3/27/2023,Processing
629,Keir,3/9/2023,4/21/2023,On Hold
630,Juan,2/24/2023,10/6/2022,Cancelled
631,Rosy,1/22/2023,8/5/2023,Awaiting Approval
632,Forest,1/6/2023,3/26/2023,Complete
633,Leese,1/23/2023,2/19/2023,Returned
634,Marena,3/7/2023,9/6/2023,Awaiting Approval
635,Renie,1/23/2023,7/15/2023,Complete
636,Mirabella,4/18/2023,4/24/2023,Delivered
637,Keelia,3/28/2023,11/3/2022,Processing
638,Yehudi,1/24/2023,11/14/2022,Cancelled
639,Ulrikaumeko,3/22/2023,10/24/2023,Cancelled
640,Kellsie,2/13/2023,9/24/2022,Cancelled
641,Kaitlyn,2/7/2023,5/11/2023,In Progress
642,Jeddy,4/20/2023,8/16/2022,In Progress
643,Cindelyn,1/1/2023,6/6/2023,Cancelled
644,Davida,3/30/2023,3/21/2023,Returned
645,Perri,2/18/2023,9/11/2023,In Progress
646,Anissa,4/24/2023,11/16/2023,Processing
647,Rance,4/12/2023,9/20/2022,Pending
648,Zaria,4/17/2023,11/19/2023,On Hold
649,Sean,4/12/2023,12/26/2022,Returned
650,Curr,3/21/2023,1/17/2023,Awaiting Approval
651,Brigitte,1/5/2023,4/14/2023,Complete
652,Dorette,3/30/2023,5/28/2022,Complete
653,Izak,3/21/2023,9/3/2022,In Progress
654,Godfrey,4/14/2023,5/15/2023,Complete
655,Randall,4/15/2023,9/1/2023,Cancelled
656,Reina,4/6/2023,6/1/2023,Delivered
657,Melita,1/11/2023,8/12/2023,Delivered
658,Nolly,3/31/2023,1/25/2023,Awaiting Approval
659,Faina,3/17/2023,9/16/2023,Cancelled
660,Ody,3/20/2023,9/20/2023,In Progress
661,Rae,1/24/2023,9/17/2022,Processing
662,Jewell,2/7/2023,9/8/2023,On Hold
663,Damian,2/3/2023,4/27/2023,On Hold
664,Eleanora,1/18/2023,3/5/2023,Processing
665,Hasheem,4/1/2023,5/7/2022,Shipped
666,Lorrayne,1/26/2023,8/14/2022,Processing
667,Maurise,4/1/2023,1/30/2023,On Hold
668,Jerri,4/18/2023,3/31/2023,On Hold
669,Irina,4/4/2023,7/30/2023,In Progress
670,Kippie,4/27/2023,12/31/2022,Processing
671,Sharai,4/3/2023,8/4/2023,Returned
672,Erl,1/9/2023,4/18/2023,In Progress
673,Leora,3/9/2023,7/15/2022,Processing
674,Gilly,1/12/2023,7/20/2023,Returned
675,Rickard,2/1/2023,6/1/2023,Pending
676,Preston,1/29/2023,10/5/2022,Complete
677,Juanita,4/9/2023,3/29/2023,In Progress
678,Dolores,1/30/2023,12/3/2022,Shipped
679,Mile,4/13/2023,10/21/2023,Pending
680,West,1/20/2023,4/21/2023,Processing
681,Sharl,1/30/2023,9/14/2023,On Hold
682,Moira,1/26/2023,6/24/2022,Pending
683,Patrick,4/14/2023,6/6/2023,Awaiting Approval
684,Keene,3/16/2023,5/27/2023,Processing
685,Cchaddie,1/7/2023,2/28/2023,Processing
686,Pippa,4/9/2023,1/6/2023,Delivered
687,Keefer,4/18/2023,5/23/2022,Complete
688,Harriet,4/22/2023,1/21/2023,Processing
689,Tina,2/26/2023,5/24/2022,Delivered
690,Edeline,1/6/2023,12/29/2022,Processing
691,Kinna,1/14/2023,5/14/2023,Pending
692,Sigvard,2/20/2023,2/11/2023,Cancelled
693,Cathleen,4/3/2023,3/14/2023,In Progress
694,Tiff,1/8/2023,6/5/2023,Shipped
695,Callie,2/15/2023,7/11/2022,Complete
696,Frances,4/10/2023,9/24/2022,Cancelled
697,Breanne,4/28/2023,5/24/2023,Delivered
698,Tad,4/4/2023,2/14/2023,On Hold
699,Tracy,2/13/2023,6/16/2023,In Progress
700,Elinore,4/4/2023,8/18/2023,In Progress
701,Chaunce,1/10/2023,3/24/2023,Complete
702,Knox,1/18/2023,10/9/2022,Pending
703,Oberon,2/28/2023,8/28/2023,Shipped
704,Violante,4/13/2023,7/4/2022,Returned
705,Ambrosi,3/9/2023,11/16/2022,In Progress
706,Dru,4/20/2023,10/3/2023,Processing
707,Ax,4/19/2023,10/6/2022,Cancelled
708,Godart,4/22/2023,2/15/2023,Pending
709,Karil,3/29/2023,4/22/2023,Complete
710,Parry,3/26/2023,8/16/2023,Processing
711,Paddy,4/10/2023,5/4/2022,Returned
712,Alphonso,1/22/2023,8/14/2022,Shipped
713,Pollyanna,1/25/2023,4/28/2023,Processing
714,Mareah,2/11/2023,3/9/2023,Complete
715,Garv,2/3/2023,10/2/2022,Complete
716,Tansy,1/12/2023,7/19/2023,Returned
717,Liesa,4/22/2023,10/9/2022,Pending
718,Rene,3/24/2023,10/26/2023,Processing
719,Huntley,2/12/2023,1/7/2023,Delivered
720,Roy,2/23/2023,7/29/2023,Pending
721,Alaster,3/20/2023,8/16/2023,Processing
722,Ruperta,4/3/2023,10/25/2023,Awaiting Approval
723,Starlin,4/28/2023,12/15/2022,Returned
724,Cinda,1/1/2023,5/17/2023,In Progress
725,Teddi,3/4/2023,7/30/2022,Pending
726,Tabina,1/21/2023,1/17/2023,Cancelled
727,Darleen,4/15/2023,8/9/2022,Processing
728,Jorge,2/4/2023,12/6/2022,Returned
729,Ernestine,1/4/2023,11/16/2022,Shipped
730,Lanie,3/10/2023,8/12/2023,On Hold
731,Hymie,2/28/2023,9/10/2023,Shipped
732,Ebba,1/21/2023,5/9/2023,Complete
733,Claudette,4/30/2023,12/24/2022,Cancelled
734,Delmar,4/25/2023,8/21/2023,Processing
735,Sharla,1/20/2023,8/10/2022,On Hold
736,Bartholomeo,2/17/2023,4/22/2023,Delivered
737,Arabel,1/22/2023,12/10/2022,In Progress
738,Vivyan,2/16/2023,12/5/2022,Processing
739,Abra,4/6/2023,10/10/2023,Delivered
740,Rudd,4/25/2023,7/18/2023,Shipped
741,Gallagher,2/9/2023,6/12/2023,Pending
742,Berri,2/8/2023,5/27/2022,On Hold
743,Isabella,2/8/2023,4/27/2023,Returned
744,Lauren,4/16/2023,1/2/2023,On Hold
745,Oliy,4/30/2023,8/2/2023,Awaiting Approval
746,Opal,4/1/2023,3/16/2023,Cancelled
747,Shanie,4/5/2023,4/6/2023,Awaiting Approval
748,Nerti,4/19/2023,8/22/2022,Delivered
749,Willow,4/2/2023,6/11/2022,Pending
750,Wanids,1/18/2023,1/22/2023,Shipped
751,Wake,2/19/2023,4/27/2023,Awaiting Approval
752,Babbette,3/24/2023,4/10/2023,Delivered
753,Katya,3/28/2023,6/19/2023,Pending
754,Hamel,1/24/2023,9/12/2022,Cancelled
755,Daryle,3/21/2023,7/22/2022,Shipped
756,Sarine,3/16/2023,8/10/2022,Processing
757,Edouard,4/21/2023,6/12/2023,Processing
758,Riane,3/2/2023,4/22/2023,Cancelled
759,Cristina,2/21/2023,3/5/2023,Delivered
760,Steffi,2/11/2023,11/6/2023,On Hold
761,Emiline,4/16/2023,6/27/2022,Returned
762,Winfield,2/1/2023,7/31/2022,Cancelled
763,Jakob,3/17/2023,1/23/2023,Shipped
764,Orly,4/11/2023,1/4/2023,Delivered
765,Wilone,3/2/2023,5/22/2022,Delivered
766,Trenna,2/28/2023,5/21/2022,On Hold
767,Gerardo,1/4/2023,7/10/2023,Shipped
768,Mahmoud,4/16/2023,2/16/2023,On Hold
769,Anna-maria,4/16/2023,1/26/2023,Shipped
770,Garrik,1/12/2023,6/26/2023,Cancelled
771,Sally,4/19/2023,8/28/2023,Cancelled
772,Gregorio,3/28/2023,1/13/2023,Complete
773,Otho,2/28/2023,6/28/2022,Processing
774,Fredra,1/13/2023,2/26/2023,Returned
775,Seana,3/14/2023,5/7/2022,Processing
776,Ximenez,3/9/2023,11/17/2023,Shipped
777,Carrie,2/15/2023,8/3/2023,Cancelled
778,Danit,4/12/2023,5/7/2023,Complete
779,Stern,1/31/2023,1/19/2023,Cancelled
780,Anallese,3/9/2023,7/30/2023,On Hold
781,Fredek,4/29/2023,4/5/2023,In Progress
782,Jodie,3/11/2023,3/15/2023,Delivered
783,Tristam,4/16/2023,11/18/2022,Processing
784,Skip,3/19/2023,5/3/2022,Delivered
785,Cammy,3/17/2023,5/16/2022,Delivered
786,Rachel,1/13/2023,4/5/2023,Processing
787,Filippa,2/7/2023,11/16/2023,Shipped
788,Margarete,1/24/2023,12/13/2022,Shipped
789,Ruthi,4/29/2023,9/1/2023,Delivered
790,Sharline,3/13/2023,8/19/2023,Returned
791,Rosetta,1/7/2023,2/28/2023,Returned
792,Alexina,3/22/2023,1/9/2023,Awaiting Approval
793,Ogdon,4/29/2023,11/15/2023,Pending
794,Torrence,3/10/2023,11/3/2023,Cancelled
795,Conant,3/12/2023,11/8/2023,Returned
796,Wake,3/21/2023,9/22/2023,Pending
797,Rochell,4/12/2023,9/13/2022,Awaiting Approval
798,Lizzy,1/23/2023,10/9/2023,Cancelled
799,Garth,3/4/2023,6/3/2022,Returned
800,Loy,2/4/2023,7/19/2022,Cancelled
801,Hale,2/28/2023,1/14/2023,Pending
802,Celestyn,1/15/2023,10/5/2023,Processing
803,Temple,2/26/2023,10/21/2023,Cancelled
804,Christina,2/23/2023,9/20/2022,Returned
805,Tobias,1/30/2023,11/19/2022,On Hold
806,Ware,3/24/2023,12/18/2022,Returned
807,Blisse,3/24/2023,3/19/2023,Cancelled
808,Blane,2/28/2023,4/20/2023,Pending
809,Tilda,3/9/2023,2/2/2023,Processing
810,Chastity,1/11/2023,9/17/2023,Complete
811,Cristina,1/2/2023,3/10/2023,Delivered
812,Dyann,1/29/2023,5/18/2023,Cancelled
813,Nady,3/11/2023,9/29/2022,Returned
814,Brandon,1/17/2023,6/2/2022,Returned
815,Colet,3/5/2023,11/26/2022,Shipped
816,Milt,3/27/2023,6/14/2023,On Hold
817,Sanders,3/3/2023,7/26/2023,Delivered
818,Tybi,1/13/2023,4/11/2023,On Hold
819,Monique,3/23/2023,10/19/2022,Complete
820,Leanna,2/24/2023,3/19/2023,Pending
821,Amory,3/22/2023,3/7/2023,In Progress
822,Augustina,3/9/2023,7/31/2022,Awaiting Approval
823,Haze,3/23/2023,2/26/2023,On Hold
824,Gardener,1/7/2023,9/1/2023,Delivered
825,Corny,2/10/2023,2/25/2023,Delivered
826,Auria,4/19/2023,10/23/2022,Complete
827,Robers,2/17/2023,9/3/2023,Awaiting Approval
828,Francene,1/23/2023,9/26/2023,In Progress
829,Lonnard,4/16/2023,12/14/2022,On Hold
830,Kendrick,2/5/2023,1/3/2023,Cancelled
831,Byram,2/6/2023,3/11/2023,Pending
832,Bo,2/10/2023,12/19/2022,Returned
833,Lindsay,3/29/2023,11/9/2022,Processing
834,Alfi,2/8/2023,10/3/2022,In Progress
835,Rozalin,2/13/2023,9/16/2022,Cancelled
836,Chas,4/10/2023,10/21/2022,Processing
837,Barri,4/21/2023,9/9/2022,Shipped
838,Davida,2/7/2023,4/18/2023,On Hold
839,Odele,4/24/2023,8/24/2023,On Hold
840,Granville,1/12/2023,5/31/2023,Shipped
841,Roth,3/16/2023,7/25/2022,Processing
842,Piggy,1/22/2023,10/17/2022,On Hold
843,Oswell,4/3/2023,5/24/2022,Returned
844,Petr,3/18/2023,1/15/2023,Shipped
845,Pavlov,1/12/2023,7/15/2023,Shipped
846,Basilius,1/7/2023,11/29/2022,Pending
847,Amity,4/28/2023,4/16/2023,Cancelled
848,Dilly,4/17/2023,3/1/2023,Pending
849,Daffy,3/17/2023,9/9/2022,Returned
850,Lisha,3/26/2023,9/3/2022,In Progress
851,Robin,2/22/2023,6/17/2022,Pending
852,Kennie,4/6/2023,10/14/2022,Delivered
853,Jerrold,2/6/2023,10/28/2023,Delivered
854,Sianna,3/29/2023,11/18/2022,Returned
855,Morgen,3/17/2023,2/6/2023,Awaiting Approval
856,Sinclair,1/16/2023,9/19/2023,In Progress
857,Gard,3/31/2023,6/3/2023,Processing
858,Fabe,4/29/2023,9/21/2023,Complete
859,Hephzibah,1/19/2023,5/14/2022,Cancelled
860,Othilie,4/14/2023,7/21/2023,Cancelled
861,Olva,1/21/2023,11/17/2023,Shipped
862,Tracey,1/15/2023,9/18/2022,On Hold
863,Ingunna,4/3/2023,3/19/2023,Processing
864,Calvin,2/17/2023,6/5/2023,Awaiting Approval
865,Janifer,4/2/2023,10/16/2022,Pending
866,Leah,3/4/2023,7/8/2022,Returned
867,Binny,1/12/2023,9/20/2022,Awaiting Approval
868,Henrieta,1/2/2023,9/2/2023,Complete
869,Christiane,3/5/2023,9/24/2022,Pending
870,Kimble,2/21/2023,5/18/2023,Cancelled
871,Mariele,2/21/2023,6/27/2023,Shipped
872,Jordan,3/29/2023,5/9/2022,Shipped
873,Helga,3/15/2023,10/23/2022,Returned
874,Rudd,4/29/2023,11/18/2023,Awaiting Approval
875,Maxine,3/19/2023,1/28/2023,Returned
876,Yetta,3/2/2023,4/7/2023,Complete
877,Sioux,2/3/2023,10/22/2022,Shipped
878,Frank,2/5/2023,4/6/2023,Shipped
879,Teirtza,1/20/2023,9/20/2022,Pending
880,Anatola,4/10/2023,5/7/2023,Delivered
881,Jarad,3/3/2023,4/1/2023,Returned
882,Goldi,1/31/2023,8/21/2023,Returned
883,Merlina,3/24/2023,4/30/2023,In Progress
884,Marchelle,2/2/2023,7/8/2022,Processing
885,Chrissie,3/18/2023,8/2/2023,Shipped
886,Roland,3/15/2023,8/24/2022,Processing
887,Justino,2/28/2023,7/19/2022,In Progress
888,Lucinda,4/5/2023,5/6/2022,Delivered
889,Coriss,1/11/2023,9/18/2022,Pending
890,Trudey,1/30/2023,6/23/2022,Pending
891,Harriette,2/14/2023,11/11/2022,Complete
892,Dianne,1/6/2023,3/8/2023,In Progress
893,Thomas,2/1/2023,7/5/2022,In Progress
894,Kerry,1/11/2023,9/29/2022,On Hold
895,Hill,2/3/2023,5/29/2022,Pending
896,Kori,4/26/2023,9/29/2022,Shipped
897,Philippa,3/31/2023,6/22/2023,On Hold
898,Yule,2/27/2023,5/11/2023,Complete
899,Colby,1/6/2023,10/30/2022,In Progress
900,Dallis,3/5/2023,7/26/2023,Returned
901,Sayer,4/27/2023,2/6/2023,Awaiting Approval
902,Smith,4/9/2023,9/30/2022,Shipped
903,Tabatha,2/19/2023,2/12/2023,Pending
904,Vilma,3/17/2023,3/8/2023,Cancelled
905,Osmond,2/5/2023,3/17/2023,Complete
906,Emelita,3/1/2023,10/20/2022,On Hold
907,Griz,3/22/2023,5/13/2023,Processing
908,Josefa,4/10/2023,4/20/2023,Complete
909,Edna,1/7/2023,10/7/2023,Returned
910,Ronalda,2/19/2023,6/27/2023,On Hold
911,Gregg,3/17/2023,1/11/2023,Shipped
912,Humberto,4/29/2023,12/1/2022,On Hold
913,Orelle,3/3/2023,7/30/2022,Complete
914,Paloma,2/4/2023,5/23/2023,Awaiting Approval
915,Jocelyn,4/13/2023,8/17/2023,Complete
916,Randell,3/29/2023,6/12/2023,Pending
917,Dorian,3/15/2023,3/29/2023,Cancelled
918,Joseph,4/17/2023,11/4/2022,Processing
919,Mallory,3/21/2023,8/8/2023,Awaiting Approval
920,Tedie,2/7/2023,11/29/2022,Awaiting Approval
921,Milo,4/25/2023,9/25/2023,Awaiting Approval
922,Crichton,3/13/2023,4/4/2023,Pending
923,Cori,3/14/2023,11/8/2023,In Progress
924,Melina,4/17/2023,7/8/2023,Shipped
925,Thatch,3/12/2023,5/1/2023,Delivered
926,Bibi,1/9/2023,5/3/2023,Complete
927,Giorgio,1/11/2023,3/10/2023,Delivered
928,Lowell,4/9/2023,11/29/2022,Cancelled
929,Jareb,1/14/2023,6/22/2023,Complete
930,Sayer,2/20/2023,6/13/2023,Delivered
931,Chandra,2/24/2023,5/29/2022,Complete
932,Denise,4/30/2023,7/27/2022,In Progress
933,Gloriane,1/10/2023,9/5/2022,In Progress
934,Amara,4/24/2023,8/26/2022,Awaiting Approval
935,Cherilynn,2/11/2023,5/25/2023,Processing
936,Lorette,2/11/2023,8/1/2022,Delivered
937,Joshuah,3/8/2023,7/2/2022,In Progress
938,Bevin,1/10/2023,6/1/2022,Shipped
939,Quill,3/22/2023,1/24/2023,Pending
940,Beau,4/4/2023,7/31/2023,Complete
941,Basil,3/20/2023,10/15/2022,Pending
942,Charleen,4/28/2023,7/11/2023,Complete
943,Lanny,2/26/2023,7/10/2023,Delivered
944,Annora,3/3/2023,5/26/2023,Complete
945,Gianina,1/4/2023,5/7/2022,In Progress
946,Norman,2/6/2023,11/6/2022,Awaiting Approval
947,Goldy,2/8/2023,1/27/2023,Cancelled
948,Portia,3/8/2023,4/29/2023,In Progress
949,Francyne,3/4/2023,11/12/2023,Awaiting Approval
950,Rosabel,3/11/2023,11/4/2022,In Progress
951,Noelyn,2/1/2023,12/10/2022,Complete
952,Yoko,4/12/2023,2/5/2023,Pending
953,Bartolomeo,4/7/2023,8/6/2022,Complete
954,Vivianne,2/2/2023,6/28/2022,Cancelled
955,Angelita,2/9/2023,11/13/2023,Pending
956,Georgette,2/15/2023,8/16/2023,Complete
957,Prissie,1/27/2023,2/10/2023,Processing
958,Jacinta,2/3/2023,4/3/2023,Complete
959,Gertrude,2/22/2023,5/23/2023,In Progress
960,Carolee,2/7/2023,8/29/2022,Returned
961,Brenden,4/19/2023,8/20/2023,Awaiting Approval
962,Giraud,4/27/2023,5/10/2022,Returned
963,Bastian,3/3/2023,1/20/2023,Cancelled
964,Fawnia,4/23/2023,1/28/2023,Processing
965,Kiri,4/18/2023,3/5/2023,Awaiting Approval
966,Benito,4/23/2023,4/29/2023,Cancelled
967,Massimiliano,2/19/2023,9/21/2023,Cancelled
968,Wiatt,1/11/2023,6/21/2022,Returned
969,Lulu,1/15/2023,4/4/2023,Cancelled
970,Willyt,4/4/2023,9/2/2022,Shipped
971,Mommy,2/18/2023,12/24/2022,In Progress
972,Packston,3/9/2023,6/12/2022,Returned
973,Christoforo,3/17/2023,10/19/2022,Complete
974,Galvan,4/23/2023,1/23/2023,Delivered
975,Tanhya,4/11/2023,1/21/2023,Processing
976,Teddy,3/6/2023,11/21/2023,Complete
977,Berkeley,3/5/2023,9/6/2022,In Progress
978,Allys,2/22/2023,8/15/2023,Delivered
979,Kirby,1/24/2023,10/14/2023,Shipped
980,Jamie,2/26/2023,7/17/2022,Cancelled
981,Gretal,1/13/2023,8/11/2022,Awaiting Approval
982,Christan,1/18/2023,6/13/2022,Shipped
983,Anet,2/11/2023,8/18/2023,Complete
984,Juanita,4/27/2023,2/13/2023,Returned
985,Dani,3/9/2023,7/30/2022,Delivered
986,Agnese,2/27/2023,10/4/2022,In Progress
987,Ardith,1/2/2023,8/26/2023,Delivered
988,Elsy,3/5/2023,10/5/2023,Returned
989,Walton,2/25/2023,3/10/2023,Cancelled
990,Anet,1/31/2023,7/28/2023,Complete
991,Marilee,3/3/2023,6/20/2022,Awaiting Approval
992,Woodie,3/10/2023,1/9/2023,Cancelled
993,Benny,1/19/2023,7/16/2022,Pending
994,Reuben,3/25/2023,9/20/2023,Awaiting Approval
995,Morgen,3/16/2023,6/9/2022,In Progress
996,Dale,1/29/2023,11/10/2022,Pending
997,Katha,3/3/2023,8/17/2023,Pending
998,Gerianne,1/28/2023,1/28/2023,Complete
999,Datha,1/29/2023,5/13/2023,Processing
1000,Ethe,4/26/2023,8/25/2023,Delivered
